{"acc": [0.5360360362508275, 0.5765765768987638, 0.592792792255814, 0.6693693697989523, 0.7054054058349885, 0.7405405409701236, 0.788288288825267, 0.8504504504504504, 0.8837837839985753, 0.9135135140504923, 0.9198198198198199, 0.9477477479625392, 0.9540540542688456, 0.9612612612612612, 0.9738738738738739, 0.972972972972973, 0.9783783780561911, 0.9882882882882883, 0.9846846846846847, 0.9837837837837838, 0.989189189726168, 0.990990990990991, 0.9891891891891892, 0.9936936936936936, 0.9972972972972973, 0.9963963963963964, 0.9990990990990991, 1.0, 0.9972972972972973, 1.0, 0.9990990990990991, 0.9990990990990991, 1.0, 1.0, 1.0, 1.0, 1.0, 1.0, 1.0, 1.0, 1.0, 1.0, 1.0, 1.0, 1.0, 1.0, 1.0, 1.0, 1.0, 1.0, 1.0, 1.0, 1.0, 1.0, 1.0, 1.0, 1.0, 1.0, 1.0, 1.0, 1.0, 1.0, 1.0, 1.0, 1.0, 1.0, 1.0, 1.0, 1.0, 1.0, 1.0, 1.0], "loss": [0.6908286203135241, 0.6786230058283419, 0.6654590764561215, 0.6351773520847699, 0.5875437799874726, 0.5301090303842012, 0.473475183828457, 0.40659246423222994, 0.3442304221359459, 0.28785931102864376, 0.23402775234735765, 0.18825642982044735, 0.17850759832171706, 0.1384825611973668, 0.11445152371584832, 0.10197928480736844, 0.08687519903655525, 0.06874872419211242, 0.06271122364444776, 0.06623469964005389, 0.047871487205092975, 0.04396473767890318, 0.0394342250383652, 0.03495598821355416, 0.026406831626553794, 0.021467456839106103, 0.018695597770112055, 0.013282824455349295, 0.015880723785911058, 0.01241254767587593, 0.012463739545394977, 0.01224627509746734, 0.010724840097146126, 0.008368011429352132, 0.007192266125836082, 0.006512449930111567, 0.009211948453574568, 0.007589847737134577, 0.005248771998443985, 0.0038963030520323162, 0.00471298106199315, 0.004586373368563415, 0.004387176016698012, 0.004863221548615141, 0.004797869946320986, 0.00420291483452594, 0.002684445851398548, 0.002230054892490509, 0.0024458448732951406, 0.002974515538746575, 0.002127708202681026, 0.0018169040074320257, 0.0015367908214495795, 0.001974603948225309, 0.0017903916252491711, 0.0018903944503436251, 0.0011640654518143148, 0.0014660217216120916, 0.0016141128576327081, 0.00174401378980628, 0.001203880821635762, 0.0013591501157026033, 0.0014362306759885706, 0.0014268149274111902, 0.0008715840502797316, 0.0009752806525694224, 0.0008194220688105938, 0.0009837952394223025, 0.0007200888916011061, 0.0006980227698993592, 0.001625793815699515, 0.0006628134584700403], "val_acc": [0.5804195825036589, 0.5034965037049114, 0.6328671349512114, 0.6923076939749551, 0.7062937079609691, 0.7622377634882094, 0.8006993019497478, 0.8671328675496829, 0.8636363648868107, 0.8916083891074974, 0.9020979020979021, 0.8986013961005044, 0.9335664306487237, 0.9475524450515533, 0.9230769201592132, 0.9615384586207516, 0.9615384586207516, 0.947552448386079, 0.9510489481312412, 0.9615384615384616, 0.9615384619552773, 0.9545454545454546, 0.9790209790209791, 0.9790209790209791, 0.9825174795997726, 0.9755244755244755, 0.9755244726067657, 0.9685314656137587, 0.9755244726067657, 0.9720279691102621, 0.9790209794377948, 0.972027972027972, 0.9650349654517807, 0.9825174825174825, 0.9755244755244755, 0.9685314689482842, 0.9790209761032691, 0.9825174795997726, 0.9755244755244755, 0.9685314693650999, 0.965034965034965, 0.9790209790209791, 0.9650349654517807, 0.9755244755244755, 0.9720279691102621, 0.972027972027972, 0.9790209761032691, 0.9755244759412912, 0.9720279691102621, 0.993006993006993, 0.972027972027972, 0.9825174829342982, 0.9755244726067657, 0.9790209790209791, 0.972027972027972, 0.9790209790209791, 0.9825174825174825, 0.9755244755244755, 0.9790209761032691, 0.9790209790209791, 0.9720279691102621, 0.9825174795997726, 0.9755244726067657, 0.9755244759412912, 0.9790209794377948, 0.9650349621172551, 0.9790209761032691, 0.9790209761032691, 0.9755244755244755, 0.9790209790209791, 0.972027972027972, 0.9755244755244755], "val_loss": [0.6821549843241285, 0.6781943065303189, 0.6525870711653383, 0.6165724188297779, 0.5681627676203534, 0.5106459801847284, 0.44885429177250896, 0.3853113549155789, 0.33766331164153307, 0.29227051409808075, 0.2589774022360782, 0.25726527152778383, 0.22428732943701576, 0.17712756845500918, 0.2081036284253314, 0.14846491740716922, 0.1322073899991029, 0.15984674808862326, 0.14518695095410714, 0.13916691827711525, 0.14338488579838427, 0.1788075283638664, 0.08612054648932878, 0.11748667987441266, 0.08472832443414034, 0.112385320314369, 0.10153577705988517, 0.12932107342289878, 0.10730451168297055, 0.11487988940068891, 0.10444041148765937, 0.10943047987570713, 0.13910421166386638, 0.07245412331165654, 0.09457274515285984, 0.15147198830451164, 0.10250554645394945, 0.06281325627457011, 0.10403476453262504, 0.13211807358515013, 0.1419903674273641, 0.08811757835344626, 0.13759864314452752, 0.11411401116894884, 0.12134097266447294, 0.12598666638604827, 0.07368518560603782, 0.10971011398555515, 0.12184573876691031, 0.05081491703428068, 0.11837599823785412, 0.03285845517591163, 0.08228902378073939, 0.11761785262114519, 0.12378335962970774, 0.12062774134076923, 0.06883886737514522, 0.10655009904811225, 0.1026718716781873, 0.0825251737883041, 0.1515023625371131, 0.11015454846453833, 0.12767156864796486, 0.1269566744070995, 0.12821010375147932, 0.15015514194965363, 0.09468179284692645, 0.11069557778016254, 0.09838417082556061, 0.11369804398423725, 0.15631245152204187, 0.13841397066151243]}