{"val_loss": [0.6895151330040885, 0.6681451118075764, 0.6385067113629588, 0.5973218112558751, 0.5511785691434686, 0.4561240785605424, 0.39700084966379445, 0.38295298001982947, 0.2975620937930954, 0.2941300420911162, 0.26178677640594805, 0.21598891929521427, 0.1902679287261896, 0.2444177057359602, 0.17699379291567768, 0.17689009771480427, 0.143375509268754, 0.13746284339186196, 0.1558683016500273, 0.12322281332282753, 0.10608767983796713, 0.09587908265265552, 0.1016184850172563, 0.15872140890443243, 0.12765276280941662, 0.1183969533474712, 0.11461113883065177, 0.10661572874751646, 0.1225429528451466, 0.09379963925876818, 0.09731756723844089, 0.1657997368724196, 0.13537132239841915, 0.12891300116385612, 0.12195972235990571, 0.1092000529691056, 0.11916576585100665, 0.08185680418998212, 0.07114077533979515, 0.13848514062958164, 0.15851659663803094, 0.08111373642524639, 0.10064150872347238, 0.14677076898775734, 0.1092190521580356, 0.14028948733022997, 0.1204599703212718, 0.11011587491037546, 0.12085337301234265, 0.18103907455305954, 0.11776826092387205, 0.13131834644746113, 0.15003119455976086, 0.15670296104325282, 0.14346167455603193, 0.16265223207850973, 0.11650176849085968, 0.10330374425576701, 0.15883138557648532], "loss": [0.6956368590260411, 0.6803726394971211, 0.6614920717101913, 0.6214283970025208, 0.5862639019081185, 0.505917617812887, 0.42446753946510524, 0.353773720361091, 0.32206677858893934, 0.24342307448387146, 0.20397943948303257, 0.16083087631174037, 0.13516573097791756, 0.11537536575987532, 0.09624299586893202, 0.07828841021469048, 0.07219404739302558, 0.06066435063677328, 0.04462238052473949, 0.05045589767228644, 0.041571717541497036, 0.030063171912957955, 0.023463513087984677, 0.02369914039935883, 0.018974015573123552, 0.019568674948469207, 0.017274947722048104, 0.012788917852548865, 0.012280814539271968, 0.012701493917821764, 0.01103320946950499, 0.00944974966649268, 0.0067176935212636315, 0.0053324397959587004, 0.0050786685995623335, 0.004435190467818363, 0.004758926682375573, 0.0038340628438687943, 0.0032649907365290298, 0.0029626629580659708, 0.002836250554484961, 0.0030457789757968607, 0.0024183321769374448, 0.0024771674477436522, 0.002040599825213084, 0.0024645492426111355, 0.0024829313210903894, 0.0020112881606323056, 0.0019354094837179727, 0.0018405463147975571, 0.0017060832085868192, 0.0014155044824489065, 0.0013197297438022656, 0.0010440624396102754, 0.0010213405388902435, 0.0010098891332745552, 0.0010586650612101228, 0.000946409135599629, 0.0009403260244341853], "acc": [0.5135135138357008, 0.59279279311498, 0.6252252256548082, 0.6936936938010895, 0.6963963959668134, 0.7873873872799916, 0.8369369370443327, 0.8720720726090508, 0.8837837839985753, 0.9252252249030379, 0.9414414411192542, 0.9666666663444794, 0.9684684681462812, 0.9720720717498849, 0.9783783783783784, 0.9828828825606956, 0.9855855855855856, 0.9864864864864865, 0.9954954954954955, 0.9900900900900901, 0.9900900900900901, 0.9954954954954955, 0.9972972972972973, 0.9972972972972973, 0.9981981981981982, 0.9963963963963964, 0.9990990990990991, 1.0, 1.0, 0.9990990987769118, 1.0, 1.0, 1.0, 1.0, 1.0, 1.0, 1.0, 1.0, 1.0, 1.0, 1.0, 1.0, 1.0, 1.0, 1.0, 1.0, 1.0, 1.0, 1.0, 1.0, 1.0, 1.0, 1.0, 1.0, 1.0, 1.0, 1.0, 1.0, 1.0], "val_acc": [0.49300699321540087, 0.7132867124530818, 0.7132867116194505, 0.6748251764924376, 0.7447552435047977, 0.825174826842088, 0.846153843652952, 0.8426573409900798, 0.9020978995970079, 0.8776223776223776, 0.8881118889455195, 0.9125874096697028, 0.9335664344000649, 0.8951048930208166, 0.9300699309035615, 0.926573427407058, 0.9440559411382342, 0.9440559411382342, 0.9370629349788586, 0.9580419551242482, 0.9685314660305744, 0.9685314656137587, 0.9615384619552773, 0.9545454516277446, 0.9580419551242482, 0.972027972027972, 0.9615384586207516, 0.9685314685314685, 0.9790209794377948, 0.9755244726067657, 0.9720279691102621, 0.9615384586207516, 0.9720279691102621, 0.9755244726067657, 0.9790209790209791, 0.9790209790209791, 0.9685314685314685, 0.9720279691102621, 0.9790209790209791, 0.9650349621172551, 0.9650349621172551, 0.9860139830962761, 0.9755244726067657, 0.965034965034965, 0.9790209761032691, 0.9650349621172551, 0.9685314656137587, 0.9790209761032691, 0.9755244759412912, 0.9650349654517807, 0.9790209790209791, 0.9720279691102621, 0.9720279691102621, 0.9650349621172551, 0.9755244755244755, 0.965034965034965, 0.9825174795997726, 0.972027972027972, 0.9685314689482842]}