{"categorical_accuracy": [0.26576576581946365, 0.3072072072609051, 0.34279279281964176, 0.3441441441575686, 0.34954954949585165, 0.3725225225762204, 0.37432432427062645, 0.38198198198198197, 0.43333333327963547, 0.4364864863790907, 0.45900900906270686, 0.46936936936936935, 0.4981981982518961, 0.5265765765765765, 0.5265765765765765, 0.5576576577650534, 0.5698198198198198, 0.5873873872799916, 0.6270270269196313, 0.6126126126126126, 0.6247747748821705, 0.6693693694767652, 0.6774774775848732, 0.6959459458922481, 0.7022522522522523, 0.7360360359286403, 0.7328828827754871, 0.7536036037109993, 0.7572072072072072, 0.7716216215142259, 0.7918918917844961, 0.7963963965037921, 0.8108108109182066, 0.8220720719646764, 0.8261261262335219, 0.8400900899826943, 0.8423423423423423, 0.8585585586659543, 0.847747747640352, 0.8648648648648649, 0.8698198198198198, 0.8779279280353237, 0.879729729622334, 0.8833333332259375, 0.8918918919992876, 0.901801801694406, 0.9018018018018018, 0.9081081081081082, 0.909009009009009, 0.915315315422711, 0.9220720720720721, 0.9198198199272156, 0.9225225226299183, 0.9328828828828829, 0.9315315315315316, 0.9310810809736854, 0.9396396396396396, 0.9468468468468468, 0.9378378378378378, 0.947297297404693, 0.9540540540540541, 0.9545045046119003, 0.9481981983055939, 0.953153153260549, 0.9540540540540541, 0.9585585585585585, 0.9590090091164047, 0.9630630630630631, 0.9626126126126127, 0.9657657657657658, 0.9761261261261261, 0.9626126126126127, 0.9675675675675676, 0.9716216217290173, 0.9765765766839724, 0.9761261261261261, 0.9747747747747748, 0.9792792792792793, 0.9801801801801802, 0.9774774775848732, 0.9783783784857741, 0.9788288288288288, 0.9792792791718835, 0.9824324324324324, 0.9873873873873874, 0.9873873874947832, 0.9878378378378379, 0.9878378378378379, 0.9837837838911795, 0.9833333333333333, 0.9887387387387387, 0.9887387387387387, 0.9891891891891892, 0.9918918918918919, 0.990990990990991, 0.9896396396396396, 0.9896396396396396, 0.9891891891891892, 0.9900900900900901, 0.9941441442515399, 0.9932432432432432, 0.9950450450450451, 0.9927927927927928, 0.9972972972972973, 0.9972972972972973, 0.9972972972972973, 0.9945945945945946, 0.9972972972972973, 0.9972972972972973, 0.9972972972972973, 0.9963963963963964, 0.9977477477477478, 0.9981981981981982, 0.9990990990990991, 0.9968468468468469, 0.9986486486486487, 0.9995495495495496], "loss": [0.5618219883592279, 0.559167100502564, 0.5555679769129367, 0.5529499205383095, 0.550970065378928, 0.5457677700498083, 0.5434723812180596, 0.5390331390741709, 0.5303013999182898, 0.5261654069831779, 0.5171220955547986, 0.5099174684232419, 0.501318017319516, 0.48588744026046615, 0.4802949965000153, 0.46693224461229, 0.4574199912784336, 0.44560419852669175, 0.43036889707719955, 0.4217026675606633, 0.41482116322259643, 0.39410845631951685, 0.3825614092049298, 0.3668537655392209, 0.35655768588856535, 0.3459256904082255, 0.33478396395305254, 0.31861501631436046, 0.30494378579629433, 0.29813795266924675, 0.2796147583304225, 0.2716167737771799, 0.2623133359191654, 0.25361054034920427, 0.24381408288672163, 0.23096194221629754, 0.2220717656719792, 0.21447956645273947, 0.20940847031705015, 0.19916505852529595, 0.1908767546820748, 0.18308833187764828, 0.17910557955771952, 0.16961914319712837, 0.1653363094405011, 0.15747363911018716, 0.1528057918623761, 0.14747054286905237, 0.14285547119808625, 0.1355237779450846, 0.13329248558562082, 0.1268647652488571, 0.12627936487530803, 0.11656941076119741, 0.11472254648536175, 0.11041622706898697, 0.10477977537357056, 0.10023168314684619, 0.10451853467268987, 0.09702890075004852, 0.08842511712028099, 0.08426383332357751, 0.08699926759477135, 0.08353247811665405, 0.08038931930655832, 0.0739320144292202, 0.07617642640530527, 0.07044373186858925, 0.07133788825558113, 0.06521629572653019, 0.058256844142535784, 0.06704473002469755, 0.06345158544209627, 0.054813846865215815, 0.053596329125198156, 0.05390221226188514, 0.04851927446486714, 0.04823899145598884, 0.045561290374613025, 0.04476985840781315, 0.045450687488994085, 0.042660779153575766, 0.040790129540202856, 0.03841982036996801, 0.03441977322370082, 0.03559562642429326, 0.032101307396550434, 0.03163899845770887, 0.03390725326162201, 0.033444837477427346, 0.029928464039757446, 0.03004337320154583, 0.02622285366125472, 0.024900689298236692, 0.023353403456811164, 0.02470206459229057, 0.023408688989107137, 0.02382444709640097, 0.023540950402080475, 0.019004766193327603, 0.02142147739325558, 0.01696813112934464, 0.01885073244034707, 0.017910550152127808, 0.016744766354158117, 0.01606717959113486, 0.01733107472862209, 0.015202859270612936, 0.013042885195967314, 0.014181314707473592, 0.013452403694559056, 0.013510683625265285, 0.01110690948343626, 0.010243148339895515, 0.011565401156743368, 0.011004653461445291, 0.00890814048649223], "val_categorical_accuracy": [0.2989510495762725, 0.3059440557356481, 0.293706293289478, 0.3146853153105382, 0.37587412608253373, 0.3916083911915759, 0.38811188873711167, 0.442307692724508, 0.39685314643633113, 0.3881118881118881, 0.46678321720003246, 0.40909090888250127, 0.4772727272727273, 0.4597902089565784, 0.5244755244755245, 0.5576923070670842, 0.5454545458713611, 0.5681818194322653, 0.5874125878294031, 0.6171328679664986, 0.6083916071411613, 0.6258741254573101, 0.655594406428037, 0.6363636359468207, 0.6503496499328346, 0.6765734265734266, 0.6905594405594405, 0.7080419572083266, 0.6888111888111889, 0.7360139868476174, 0.7307692311860464, 0.7377622369286063, 0.7465034965034965, 0.7500000012504471, 0.7674825166488861, 0.7395104890936738, 0.7430069921733616, 0.7709790213958366, 0.7709790209790209, 0.7657342657342657, 0.7639860144028296, 0.7972027984532443, 0.8129370625202472, 0.7867132875469182, 0.8181818185986339, 0.8129370621034315, 0.8146853159357618, 0.8234265746770205, 0.8164335676840135, 0.8269230777567084, 0.853146851896406, 0.8409090913259066, 0.8496503488167183, 0.8146853159357618, 0.8321678317510165, 0.8409090904922752, 0.8426573430741584, 0.8601398597230444, 0.830419579585949, 0.8583916088084241, 0.8653846158014311, 0.8513986009817857, 0.8426573426573427, 0.8479020970684665, 0.8601398593062287, 0.8618881114712962, 0.8828671320335014, 0.8636363623859166, 0.8793706306210765, 0.8793706289538137, 0.8688811201315659, 0.8444055939887787, 0.8706293718798177, 0.8636363640531793, 0.8758741254573101, 0.8688811192979345, 0.8776223763719305, 0.889860141110587, 0.8723776232112538, 0.8776223767887462, 0.8776223780391933, 0.8706293710461863, 0.861888113138559, 0.8828671320335014, 0.8898601394433242, 0.8758741246236788, 0.8741258745426899, 0.8846153841985689, 0.8793706281201823, 0.8846153858658317, 0.8898601394433242, 0.8688811176306718, 0.8863636359468207, 0.8951048951048951, 0.8793706289538137, 0.8933566433566433, 0.8898601394433242, 0.8916083920252073, 0.874125872875427, 0.8846153858658317, 0.8828671320335014, 0.8951048946880794, 0.8881118881118881, 0.8951048946880794, 0.8986013973509515, 0.8688811201315659, 0.8916083916083916, 0.889860141110587, 0.8898601402769556, 0.8758741246236788, 0.8811188807020655, 0.8898601390265085, 0.9073426569258416, 0.8898601406937713, 0.8968531476867783, 0.8986013998518457, 0.9003496499328346],