{"acc": [0.5305397727272727, 0.5823863636363636, 0.6313920454545454, 0.6512784090909091, 0.6988636363636364, 0.7215909090909091, 0.765625, 0.8132102272727273, 0.8274147727272727, 0.8558238636363636, 0.8742897727272727, 0.8792613636363636, 0.9133522727272727, 0.9311079545454546, 0.9396306818181818, 0.9403409090909091, 0.9559659090909091, 0.9659090909090909, 0.9708806818181818, 0.9673295454545454, 0.9801136363636364, 0.9829545454545454, 0.9808238636363636, 0.9879261363636364, 0.9936079545454546, 0.9950284090909091, 0.9936079545454546, 0.9978693181818182, 0.9964488636363636, 0.9978693181818182, 0.9992897727272727, 0.9992897727272727, 1.0, 1.0, 1.0, 1.0, 1.0, 1.0, 1.0, 1.0, 1.0, 0.9992897727272727, 0.9992897727272727, 1.0, 1.0, 1.0, 1.0, 1.0, 1.0, 1.0, 1.0, 1.0, 1.0, 1.0], "loss": [0.692165267738429, 0.6779346533797004, 0.6527612575075843, 0.6220028427514163, 0.5873650041493502, 0.5420569621703841, 0.4997399869290265, 0.4408568286082961, 0.41659893501888623, 0.36891661008650606, 0.32187371904199774, 0.29995535246350546, 0.24629152633927084, 0.21495834602551026, 0.1902917085046118, 0.18306643397293307, 0.13981935060159725, 0.12352143905379555, 0.10249242237345739, 0.10024088375609029, 0.08668990492482077, 0.06605146812613714, 0.07543657444925471, 0.05179271935908632, 0.04005345558239655, 0.03543968067970127, 0.03623261544006792, 0.02975629735738039, 0.022664768346162004, 0.01987673412077129, 0.017688975859941405, 0.014629063640975139, 0.011405695465245199, 0.009734964260132983, 0.008648493284867569, 0.008481190116568045, 0.0076177835316312585, 0.007107739770700308, 0.005996376921592111, 0.0055357598069928245, 0.00431290882195092, 0.00825911689422686, 0.006139301697575403, 0.0037669788209975445, 0.003177050419088284, 0.0026614047727145426, 0.0024349923835622826, 0.002330851488460956, 0.00197871536180504, 0.0025724962536266753, 0.002484495174774731, 0.0017713138037255373, 0.0016743755140024323, 0.0013478091568686068], "val_loss": [0.6832095077543547, 0.6654625441417221, 0.6570343780780298, 0.5822475770945063, 0.5974708844807523, 0.5375300002984764, 0.501786598160904, 0.4893779515727492, 0.4350020392046159, 0.38799246308232144, 0.3598237398898963, 0.3366461243511231, 0.32395056505833775, 0.30117628495555276, 0.24720424924753914, 0.24433455831748396, 0.2058367756280032, 0.189975707081067, 0.17685531258336767, 0.2099653321726263, 0.23196578333693102, 0.20080343094082245, 0.1375191217960569, 0.14054026690724797, 0.1794070091621935, 0.1549202587978899, 0.12219693144326696, 0.1793821852900519, 0.1340596739910851, 0.14836420650406645, 0.1673779783991086, 0.16648779684272352, 0.14587563678581195, 0.10636856664002926, 0.1409150864467148, 0.15412661966228905, 0.13462010665845445, 0.13185892101202787, 0.15196434664988978, 0.16661070756224233, 0.16959119939114436, 0.11457395791679047, 0.13228291383952148, 0.16614115993510264, 0.1798848902226808, 0.15762798926990593, 0.16408833211734275, 0.18894998952951642, 0.1584302229350099, 0.1418459877659138, 0.12301936302303283, 0.1899322350163105, 0.20758035015468754, 0.12735300673461794], "val_acc": [0.6088154273256454, 0.622589532090941, 0.597796143743289, 0.702479338514575, 0.6914600547680185, 0.7217630852352489, 0.7438016537135625, 0.7410468317917227, 0.8209366397752578, 0.8292011015999744, 0.8539944900297265, 0.8429752064473701, 0.8650137741046832, 0.8787878796088794, 0.9090909090909091, 0.887052341433596, 0.9063360879900698, 0.9256198347107438, 0.9421487611515791, 0.9090909090909091, 0.914600551785188, 0.9201101926732654, 0.9393939393939394, 0.9586776867714139, 0.9173553727218271, 0.9338842975206612, 0.9421487611515791, 0.9421487603305785, 0.9421487611515791, 0.9366391184573003, 0.9476584020396567, 0.9338842983416618, 0.9449035811030175, 0.9559228650137741, 0.9586776857862132, 0.9366391184573003, 0.9449035812672176, 0.9421487603305785, 0.9338842973564611, 0.9449035812672176, 0.9421487611515791, 0.9531680448981356, 0.9531680448981356, 0.9338842973564611, 0.9449035811030175, 0.953168044077135, 0.9449035812672176, 0.9476584022038568, 0.9476584022038568, 0.9531680448981356, 0.9559228658347747, 0.9393939392297392, 0.9366391182931002, 0.9559228650137741]}