{"acc": [0.5225225225225225, 0.5378378381063272, 0.5954954957639849, 0.6342342340194427, 0.63873873820176, 0.6756756757830714, 0.7081081076785251, 0.7720720715350933, 0.7855855854781898, 0.7963963959668133, 0.8288288293658076, 0.8621621623769536, 0.8666666670962497, 0.8846846843624974, 0.8846846852216634, 0.9018018023387806, 0.9135135130839305, 0.9216216211920386, 0.9297297294075425, 0.9279279276057406, 0.9378378380526293, 0.9513513510291641, 0.9567567572937355, 0.9558558555336686, 0.9576576578724492, 0.9567567564345695, 0.9639639636417767, 0.9657657657657658, 0.972072072072072, 0.9765765765765766, 0.9837837837837838, 0.9783783783783784, 0.9783783783783784, 0.9837837837837838, 0.9792792792792793, 0.9819819816597947, 0.9882882882882883, 0.9864864861642992, 0.9846846846846847, 0.9891891891891892, 0.9900900900900901, 0.9927927927927928, 0.9900900897679028, 0.9936936936936936, 0.9936936936936936, 0.9945945945945946, 0.9918918918918919, 0.9927927927927928, 0.9927927924706055, 0.9900900897679028, 0.9900900900900901, 0.9972972972972973, 0.9963963963963964, 0.9990990990990991, 0.9936936936936936, 0.9981981981981982, 0.9972972972972973, 0.9954954954954955, 0.9972972972972973, 0.9990990990990991, 0.9972972972972973, 0.9945945942724074, 0.9963963963963964, 0.9963963963963964, 0.9954954954954955, 0.9963963963963964, 0.9990990990990991, 0.9981981981981982, 0.9963963963963964, 0.9981981981981982, 1.0, 0.9981981981981982, 0.9963963963963964, 0.9990990990990991, 1.0, 0.9981981981981982, 0.9981981981981982, 0.9990990990990991, 0.9990990990990991, 1.0, 0.9981981981981982, 0.9981981981981982, 0.9990990990990991, 0.9963963963963964, 0.9972972972972973, 1.0, 0.9981981981981982, 0.9981981981981982, 0.9963963963963964, 1.0, 0.9990990990990991, 0.9990990990990991, 0.9981981981981982, 0.9990990990990991, 1.0, 0.9981981981981982, 0.9972972972972973, 0.9981981981981982, 1.0, 1.0], "loss": [0.6982141944739195, 0.6879138278531599, 0.6721380311089593, 0.6581913738637357, 0.6464717991717227, 0.6214051920014458, 0.5977503267494408, 0.5607366230036761, 0.5158955914480192, 0.4924050119009104, 0.4484239585764773, 0.3988615481703131, 0.3869032559094128, 0.3402159697300679, 0.3285483825314152, 0.2967560548771609, 0.2684331065899617, 0.2534715897328145, 0.22803519429924252, 0.2307209707058228, 0.2102612599059268, 0.19341422821487392, 0.17530984373779984, 0.16845094262211172, 0.1540880035441201, 0.16089511548613641, 0.13859854874847172, 0.1282817906960174, 0.12105434949065114, 0.10230582764556816, 0.10258069412933814, 0.09024604255551691, 0.09051642430660961, 0.07923276594227499, 0.07338545927190566, 0.07893022932447828, 0.06613048061996966, 0.06183295840615625, 0.06221360135991294, 0.05572152066942271, 0.05428607123526367, 0.0476116005364839, 0.047757150702648334, 0.048547379242944284, 0.04243429620993567, 0.03904816545881667, 0.03894602892635105, 0.03644367949449801, 0.03556273758142918, 0.0434190145081228, 0.03825966902245004, 0.03161148265222306, 0.02935780775439632, 0.022549434207581185, 0.030157839228306806, 0.023224498596680056, 0.027343890785768224, 0.024318228534481547, 0.024461813424588055, 0.017369408405444643, 0.019267769376034135, 0.026931780992864487, 0.023009216362560116, 0.022671712048955867, 0.02077514909895825, 0.017999924778065703, 0.014175829514525494, 0.013760637283862174, 0.015625969517707557, 0.014547563131126734, 0.011771766269193577, 0.01542896786746611, 0.01663260258532859, 0.012407873687544115, 0.009621483131274077, 0.013025940728566802, 0.016200212861604252, 0.011705104585502061, 0.011421129959929097, 0.007987744718169173, 0.009863209955998369, 0.008543726504855865, 0.012905518729071896, 0.015369261700559307, 0.013403044823506797, 0.01216182506366356, 0.01191138439803376, 0.010268450248147454, 0.012339723053984009, 0.008545662955431318, 0.011427971685456263, 0.008014359120447356, 0.008076259586540563, 0.007688945977369676, 0.007116732108280868, 0.0104337090341089, 0.013445405584869084, 0.009135623866910332, 0.005998783950433806, 0.005798089425373185], "val_loss": [0.6910010384512948, 0.6825569059465315, 0.662562964679478, 0.6498143322817929, 0.6353474751219049, 0.5965280411960362, 0.5631416715108432, 0.5242483682565756, 0.4970494546256699, 0.4540506876431979, 0.4183292847413283, 0.37185870100568225, 0.3360856727703468, 0.32874740295476845, 0.3124235091092703, 0.26729958665954484, 0.32509977896730385, 0.24230209701544755, 0.21470131751123842, 0.2337975841718954, 0.17625924528061926, 0.17956323254775333, 0.18273440618198233, 0.16604318110259264, 0.14681760393656218, 0.13512163578005104, 0.14981456304138357, 0.13385984374509824, 0.13429535607566367, 0.10892430890898605, 0.1443449721469746, 0.10106792368672111, 0.16725634674092274, 0.11337885870174928, 0.10299824178218842, 0.10256503308778042, 0.0871418864055947, 0.08385235154545391, 0.0863941909836514, 0.08767034723000093, 0.07634622515081525, 0.09243844483386386, 0.08334695782277968, 0.08264282741746702, 0.06555417747972729, 0.08019818141535445, 0.0721907792287273, 0.0726036075632889, 0.0810074622553962, 0.05922472338889029, 0.13195826363313448, 0.09360483986931248, 0.07942352068799359, 0.0859361040842283, 0.07090765002046849, 0.05801991074039907, 0.07600254060088338, 0.095912901118033, 0.08168499488253277, 0.08405581059364173, 0.12758949055121496, 0.07128762709419731, 0.09372351532215839, 0.07691031070491233, 0.06772313991209844, 0.08590292909762243, 0.0459771119318642, 0.07241770575617577, 0.06825670375899001, 0.07319391904385773, 0.06808768425436391, 0.07682284272529862, 0.06979191027112774, 0.05547941939814107, 0.07995172996412624, 0.06635765158213101, 0.08679081134862833, 0.1297119049863382, 0.07710625667619955, 0.09923346809573941, 0.07810059235385665, 0.06999153869350318, 0.06279371972554006, 0.1315674254266949, 0.10180941420783113, 0.0435735585910457, 0.06532373706569204, 0.0999512330668008, 0.07218381139886129, 0.08846440327099779, 0.07075593350911057, 0.04880889369682832, 0.10852754172556416, 0.09683037082293441, 0.09887901180378207, 0.022708095263338068, 0.11432525919346542, 0.09525348363489798, 0.13475692098947256, 0.08734542561265138],