{"acc": [0.5177556818181818, 0.5369318181818182, 0.5845170454545454, 0.6463068181818182, 0.6427556818181818, 0.6803977272727273, 0.7215909090909091, 0.7279829545454546, 0.7535511363636364, 0.7393465909090909, 0.7819602272727273, 0.8053977272727273, 0.8075284090909091, 0.8387784090909091, 0.8444602272727273, 0.8629261363636364, 0.8721590909090909, 0.8728693181818182, 0.8849431818181818, 0.9034090909090909, 0.8998579545454546, 0.8955965909090909, 0.9190340909090909, 0.9247159090909091, 0.9325284090909091, 0.9346590909090909, 0.9424715909090909, 0.9431818181818182, 0.9453125, 0.953125, 0.9609375, 0.9524147727272727, 0.9545454545454546, 0.9715909090909091, 0.9609375, 0.9673295454545454, 0.96875, 0.9758522727272727, 0.9772727272727273, 0.9829545454545454, 0.984375, 0.9808238636363636, 0.9786931818181818, 0.9865056818181818, 0.9865056818181818, 0.9907670454545454, 0.9857954545454546, 0.9865056818181818, 0.9914772727272727, 0.9900568181818182, 0.9907670454545454, 0.9907670454545454, 0.9914772727272727, 0.9914772727272727, 0.9907670454545454, 0.9914772727272727, 0.9914772727272727, 0.9978693181818182, 0.9943181818181818, 0.9964488636363636, 0.9921875, 0.9957386363636364, 0.9957386363636364, 0.9971590909090909, 0.9985795454545454, 0.9964488636363636, 0.9971590909090909, 0.9971590909090909, 0.9957386363636364, 0.9971590909090909, 0.9964488636363636, 0.9950284090909091, 0.9957386363636364, 0.9992897727272727, 0.9957386363636364, 0.9936079545454546, 0.9978693181818182, 0.9971590909090909, 0.9978693181818182, 0.9978693181818182, 0.9985795454545454, 0.9992897727272727, 0.9978693181818182], "loss": [0.6978950541127812, 0.6855119073932822, 0.6776490021835674, 0.6512351063164797, 0.6420756280422211, 0.6174860325726595, 0.5846311463551088, 0.5665609497915615, 0.5349576642567461, 0.526374799284068, 0.48855994709513406, 0.46150690791281784, 0.44090969318693335, 0.40692532739856024, 0.3913570801642808, 0.3592416298660365, 0.3325188332660632, 0.3243814581497149, 0.30714803155172954, 0.278217190368609, 0.28254234028810804, 0.26523461091247474, 0.24033397232944315, 0.23127466304735703, 0.20742235332727432, 0.20272972993552685, 0.19118798608807, 0.17907720601016824, 0.16157280331985516, 0.15959314798766916, 0.14219614744863726, 0.14103693785992535, 0.13103027218444782, 0.12271518378772518, 0.12296752055937593, 0.10547218065370213, 0.1019819626076655, 0.09487084739587524, 0.09842923529107463, 0.08704191768033938, 0.0793709633025256, 0.08021067311479287, 0.08186237509785728, 0.06694306022572247, 0.05588346901773052, 0.05575815666551617, 0.06106667509514161, 0.05847913979298689, 0.04291921026412059, 0.047259411287748, 0.046346974686126814, 0.043441072360358456, 0.04491809196770191, 0.041551346573132, 0.040450125890360636, 0.04410714770413258, 0.03807450226635079, 0.02606719604227692, 0.03238518624989824, 0.02775017144581811, 0.03361191367730498, 0.02769128836966543, 0.026832326241260904, 0.025551697604400528, 0.021498001757374204, 0.021862275475128132, 0.0205942375945266, 0.021940267729488285, 0.026445632287174125, 0.022896947106346488, 0.025130709527399053, 0.021457395309963347, 0.020630786671641876, 0.01913905948590995, 0.022099549188913607, 0.021660539787262678, 0.015439020861363546, 0.015845035898647355, 0.015489285324954173, 0.011985496893017129, 0.01297563251996921, 0.010046457755379379, 0.013372605777641927], "val_loss": [0.6853849653041724, 0.6782896863527534, 0.6668513303945872, 0.6586263035282944, 0.6460195367658106, 0.601983713217018, 0.5898877196732303, 0.5604353325426086, 0.5566954571681902, 0.4933763301569568, 0.5503525224927371, 0.4912800695285324, 0.455430996073179, 0.4348225133806549, 0.3783804288251998, 0.3774491335078048, 0.37896749820591, 0.3389677748535619, 0.35232009375390927, 0.3202355623081039, 0.29901124894126385, 0.3142336094674985, 0.2910893851732091, 0.27582589144877495, 0.2576077090314597, 0.28036999998013834, 0.2460031616129494, 0.2173043253007999, 0.22118884817627835, 0.1988481251989843, 0.20985857194120233, 0.19739954738002835, 0.21410158335054216, 0.1816599047935206, 0.24780998479564656, 0.2081555885060103, 0.18453528929101534, 0.1867106243424097, 0.19299679567662809, 0.1914057770420697, 0.2017946969050678, 0.16800623619030985, 0.1707544108806563, 0.18901474535793641, 0.1778177305358172, 0.15559029351334927, 0.16150709944610425, 0.17821879360629836, 0.17255374760502953, 0.16193042106454367, 0.1649338751056388, 0.1417214447637563, 0.14085087048777536, 0.17166745828172145, 0.17903871551032893, 0.1712018664998128, 0.1763133612710254, 0.1625366349378729, 0.1370298385455917, 0.20095087936758665, 0.17877634782241478, 0.20882993682028506, 0.1341425959872641, 0.2116082509358724, 0.2072148689225357, 0.1778864614234483, 0.18659696877823717, 0.17616344879563517, 0.1700653337896609, 0.175639929010638, 0.24262789753971226, 0.17246924512878511, 0.19031853926657974, 0.23477437694046452, 0.24462524871149463, 0.17388645110051493, 0.14186961846246535, 0.18722791932766986, 0.20413911262918047, 0.22193832698562913, 0.18065815634471327, 0.24510489941956912, 0.23413122603387543], "val_acc": [0.6088154276540457, 0.5344352623647894, 0.592286502034211, 0.6253443524528798, 0.6363636360352362, 0.6666666663382664, 0.7162534441829713, 0.680440771021462, 0.6997245183168364, 0.7630854001058363, 0.6997245183989365, 0.7548209372959189, 0.7878787878787878, 0.7906336086512269, 0.859504132231405, 0.8457300282050099, 0.8292011017641745, 0.8567493111305657, 0.859504132231405, 0.8815427003813184, 0.8732782377356012, 0.8677685947129221, 0.8898071633554359, 0.9035812678744314, 0.9063360889752706, 0.8815426995603178, 0.9063360889752706, 0.9228650145951053, 0.9118457300275482, 0.9283746564683836, 0.9173553727218271, 0.9201101928374655, 0.928374655647383, 0.928374655647383, 0.9035812680386315, 0.928374655647383, 0.9421487603305785, 0.928374655647383, 0.9449035819240181, 0.9228650145951053, 0.9338842973564611, 0.9449035820882182, 0.93939394021494, 0.9366391192783009, 0.9366391192783009, 0.9476584022038568, 0.9504132231404959, 0.9476584020396567, 0.9449035820882182, 0.9504132231404959, 0.9421487603305785, 0.9476584030248574, 0.961432507708053, 0.9421487603305785, 0.9421487611515791, 0.9531680448981356, 0.9449035812672176, 0.9476584022038568, 0.9504132229762957, 0.9366391182931002, 0.9421487603305785, 0.9338842973564611, 0.9586776859504132, 0.9366391182931002, 0.9393939392297392, 0.9449035820882182, 0.9504132239614965, 0.9586776859504132, 0.9421487603305785, 0.9504132231404959, 0.931129476584022, 0.9393939393939394, 0.9421487611515791, 0.9366391192783009, 0.9256198347107438, 0.9531680448981356, 0.9531680448981356, 0.9504132231404959, 0.9476584022038568, 0.9504132231404959, 0.961432507708053, 0.9421487611515791, 0.9449035811030175]}