{"acc": [0.5228136882884723, 0.5716096325972234, 0.5956907476309135, 0.6552598226357473, 0.6894803549551389, 0.7674271230159755, 0.8390367553865653, 0.8789607098347334, 0.8967046894803549, 0.9112801012430808, 0.9353612165789489, 0.9486692015209125, 0.958808618504436, 0.9619771863873317, 0.9803548794433342, 0.970849176021281, 0.9765525980745129, 0.9790874524714829, 0.9879594423320659, 0.9898605830164765, 0.9917617237008872, 0.9949302915082383, 0.9955640050697085, 0.9974651457541192, 0.9974651457541192, 0.9974651457541192, 0.9987325728770595, 0.9961977186311787, 0.9993662864385298, 0.9993662864385298, 0.9980988593155894, 1.0, 1.0, 1.0, 1.0, 1.0, 1.0, 1.0, 1.0, 1.0, 1.0, 1.0, 1.0, 0.9993662864385298, 1.0, 1.0, 0.9993662864385298, 0.9974651457541192], "loss": [0.6961796093349675, 0.6827067791735718, 0.668192670448047, 0.6339296220373292, 0.5978585037441762, 0.5112009586339064, 0.4245077365742588, 0.3340624606352493, 0.2873092905083537, 0.23841560109788776, 0.1858444865061152, 0.15481786465765707, 0.13564910186296483, 0.11416639298842736, 0.08260894541278085, 0.09003475060065587, 0.07337794803243475, 0.06739645880612773, 0.04878901046227442, 0.043922749431792016, 0.03485106942639302, 0.032571583862932275, 0.026079382497170428, 0.02162472813075033, 0.01736534948971864, 0.01711541730367563, 0.015089390962296112, 0.017533856471209624, 0.010298585593558764, 0.008238862557820645, 0.01390245366701089, 0.008430538779296953, 0.006330381572649062, 0.003931914768695208, 0.004100169131298595, 0.002757747947381212, 0.004544791387972754, 0.003940756818107288, 0.0035786217563113973, 0.00346233075594114, 0.003208285405363118, 0.0024736297212237745, 0.002521140844837369, 0.003085333481549046, 0.0029525842118644746, 0.002360072573859372, 0.0039068923666140745, 0.0054671072521505475], "val_acc": [0.4668304659517743, 0.508599508306611, 0.6560196552874122, 0.6093366084579168, 0.8108108103714645, 0.786240786387235, 0.8132678140000571, 0.8624078635794524, 0.867321866296726, 0.9213759219617164, 0.8746928736677334, 0.9312039323755212, 0.9115479127195016, 0.9189189195047139, 0.9017199001089654, 0.9336609342467287, 0.918918920090509, 0.9336609342467287, 0.9115479127195016, 0.9312039317897263, 0.9238329250045139, 0.9385749385749386, 0.941031941031941, 0.9312039317897263, 0.9361179367037311, 0.9459459443350096, 0.9287469299185188, 0.9484029489887434, 0.9410319394210047, 0.9361179372895262, 0.9312039312039312, 0.9361179361179361, 0.9484029484029484, 0.921375919764985, 0.9385749397465286, 0.9361179372895262, 0.9385749391607336, 0.9533169533169533, 0.9434889440747385, 0.9312039323755212, 0.9434889434889435, 0.9434889440747385, 0.9213759219617164, 0.9410319416177361, 0.9434889434889435, 0.9164619170477115, 0.9361179345069998, 0.9385749391607336], "val_loss": [0.689980826448164, 0.6792789284661596, 0.6565796763656766, 0.6311294931451578, 0.5562088015038492, 0.4880362314879162, 0.4231191331690008, 0.3432757787095241, 0.2988507533102715, 0.24709119514106825, 0.25980218911786046, 0.19338607835681784, 0.22552949453747537, 0.19468128701319565, 0.24158504466166952, 0.1908012004683586, 0.2031274780960575, 0.19356010306891996, 0.19138615393521452, 0.17694643136177954, 0.19697670235827164, 0.1999699577725783, 0.17174942310926955, 0.17939958556644453, 0.22858797017420832, 0.1691474731489833, 0.17347866249172342, 0.13669808589709187, 0.1680262733150173, 0.21985494192570668, 0.19608046767057014, 0.20410036691064037, 0.19496958427753583, 0.2508971010144864, 0.21642770515686172, 0.2659864731004841, 0.20556437324833227, 0.20011278203315574, 0.22011249591150214, 0.2444053090175188, 0.1931952606264218, 0.19864964003718164, 0.24993590560240594, 0.19877251669654683, 0.22618768576541756, 0.28399617753977857, 0.26078793809220596, 0.2543964198898039]}