{"acc": [0.5082382763179989, 0.5633713562981106, 0.5880861851954491, 0.6444866921662982, 0.7008871989105138, 0.7484157160207799, 0.8136882129277566, 0.8681875792897398, 0.9100126742712294, 0.9226869455006337, 0.9435994928780618, 0.9524714827386448, 0.9664131810909895, 0.9683143219264893, 0.9784537389100126, 0.9841571609632446, 0.9835234474017744, 0.9917617237008872, 0.9892268694550064, 0.9936628643852978, 0.9942965779467681, 0.9974651457541192, 0.9993662864385298, 0.9987325728770595, 0.9955640050697085, 1.0, 0.9993662864385298, 0.9993662864385298, 0.9993662864385298, 1.0, 0.9993662864385298, 0.9993662864385298, 1.0, 0.9993662864385298, 1.0, 1.0, 1.0, 1.0], "loss": [0.6949547749810648, 0.6880481742482977, 0.6774591405430976, 0.6497162635637629, 0.6070199742516638, 0.5451709821499194, 0.44599447137804843, 0.35410566950932204, 0.28152922936567637, 0.22716868682959235, 0.1765164796012738, 0.14784096211610487, 0.11850812120884846, 0.10545021317266541, 0.0818725061379798, 0.06288632178261253, 0.06140491745997744, 0.04857382018246578, 0.043953288162684276, 0.040361276493704065, 0.03096985773517454, 0.022743258011469522, 0.015900841311531563, 0.0166683694476401, 0.018138030886234592, 0.011982563056797733, 0.010068704703461535, 0.008620042454791274, 0.008738573644716289, 0.005824162330270682, 0.006171294040647447, 0.005569733174090452, 0.005073803024607296, 0.005671642664335999, 0.003792571765577234, 0.003875134696036634, 0.003453673767864336, 0.001955725232709355], "val_acc": [0.6560196573376949, 0.5208845205916234, 0.7297297298761785, 0.5208845205916234, 0.7690417686024228, 0.7739557741022227, 0.8501228490977089, 0.8771498783214672, 0.8943488955204845, 0.9041769047626992, 0.9164619154367751, 0.9361179361179361, 0.9164619176335065, 0.9213759213759214, 0.9312039295929948, 0.9508599508599509, 0.9361179367037311, 0.9606879612737558, 0.9189189178937776, 0.9189189178937776, 0.9287469299185188, 0.9484029489887434, 0.9336609348325238, 0.945945947117536, 0.9361179367037311, 0.9533169539027484, 0.9336609348325238, 0.9361179345069998, 0.9385749369640022, 0.9434889434889435, 0.9410319422035311, 0.9385749397465286, 0.9385749397465286, 0.9508599492490145, 0.9557739557739557, 0.9434889446605336, 0.9410319422035311, 0.9385749385749386], "val_loss": [0.6896772069778724, 0.685807254156258, 0.668223454706206, 0.6571842566754953, 0.569238039873156, 0.5139210807749914, 0.4009452602054915, 0.33810369080934827, 0.29861958943655215, 0.25246529735130524, 0.23736446949422213, 0.18536314163219725, 0.19248798350444296, 0.21082002794054275, 0.16244527005592788, 0.17562857726977849, 0.164743017689016, 0.14173708233698581, 0.18840758799042104, 0.24189634690706502, 0.18773361374177863, 0.15710807758262174, 0.16965985448266716, 0.20459662894066194, 0.1635371287163411, 0.17188312428149896, 0.20485356830847645, 0.237744195601864, 0.14399467851664569, 0.20276138570539526, 0.19037058850617608, 0.2004054455997317, 0.2579689052971927, 0.22099514909692713, 0.17445838054829718, 0.169372184490396, 0.20546673760001138, 0.21651443022649955]}