{"val_loss": [0.6925194890258939, 0.680670660455924, 0.6588912695573061, 0.6250981029480037, 0.5507899222561417, 0.45956821772624584, 0.38725909971487904, 0.3168268889115542, 0.3301396670520159, 0.2782483831670419, 0.28197324887394026, 0.24192484863633312, 0.19053462403998034, 0.20516143025285782, 0.21619961573685123, 0.24605831642994425, 0.22645425503611272, 0.20860491390969302, 0.1716893071203472, 0.1909960974785854, 0.20054310977605402, 0.22270507989702998, 0.20937674358963088, 0.17264141783081635, 0.162947641580345, 0.24538300327352575, 0.2601725375989145, 0.1687396399365596, 0.19878989297905778, 0.1816786512988791, 0.20658993223082522, 0.2906058962280686, 0.25027045439150764, 0.24746064589123176, 0.23947561058245545, 0.2172189930074045, 0.1960266004030476, 0.19506095031262616, 0.24640803152571733, 0.24602703837087464, 0.2879925032651981, 0.22088885684875217, 0.26413830723933857, 0.20722744366753598, 0.22113279547972528], "loss": [0.696249474288544, 0.6839695074259101, 0.6739942991234957, 0.6276459767942344, 0.5894919814416816, 0.4873614895933028, 0.39542181644451785, 0.317031784939222, 0.265861650270201, 0.2197938128947003, 0.1831390028595169, 0.1629821267285879, 0.1263429842634346, 0.11526665618437779, 0.10027471418918614, 0.08451231494451505, 0.06888398244098792, 0.05797461970828483, 0.04965062958810417, 0.0411787257353918, 0.03499358956653658, 0.03164838105487355, 0.026780860055903744, 0.021242567822596835, 0.018907962823747, 0.016009233901407027, 0.013676813299589434, 0.014603751343267725, 0.012429062970849026, 0.01051273005713528, 0.010954991844689286, 0.008769142088516885, 0.007066996303045856, 0.005557491678209841, 0.0046042736108236, 0.0040963555630697795, 0.004108090504900056, 0.004160149510435203, 0.004367192821454431, 0.003463457124862532, 0.0027790590759965207, 0.0024067616020535866, 0.004213618757899647, 0.0019031305495219916, 0.001813082798196449], "acc": [0.5139416985034339, 0.5640050697462641, 0.6077313053743921, 0.6970849176927816, 0.6888466412425797, 0.7953105195695759, 0.8498098857804699, 0.8910012674271229, 0.9005069707736316, 0.9233206589110149, 0.9347275030174788, 0.944233206590621, 0.9619771863117871, 0.9651457541191382, 0.9702154624598108, 0.9771863116359831, 0.9828897338403042, 0.9873257286195066, 0.9885931558935361, 0.9936628643852978, 0.9961977186311787, 0.9936628643852978, 0.9961977186311787, 0.9987325728770595, 0.9974651457541192, 0.9993662864385298, 0.9993662864385298, 0.9980988593155894, 0.9980988593155894, 0.9987325728770595, 0.9993662864385298, 0.9993662864385298, 0.9993662864385298, 1.0, 1.0, 1.0, 1.0, 1.0, 1.0, 1.0, 1.0, 1.0, 0.9993662864385298, 1.0, 1.0], "val_acc": [0.46683046602499867, 0.5503685506614479, 0.7395577397041884, 0.6216216223538654, 0.7764127759734302, 0.8304668294416891, 0.845208845355294, 0.8796068807784697, 0.8525798531656477, 0.8845208834957432, 0.8820638832354721, 0.9017199017199017, 0.9238329228077825, 0.92628992467899, 0.9090909102624991, 0.9115479121337066, 0.9140049123939776, 0.9164619164619164, 0.9434889434889435, 0.9312039301787899, 0.9262899274615164, 0.9287469271359924, 0.9385749391607336, 0.9410319394210047, 0.945945947117536, 0.9262899252647849, 0.9262899268757213, 0.9434889446605336, 0.9312039317897263, 0.9385749397465286, 0.9434889418780071, 0.9090909080657678, 0.9262899274615164, 0.9262899274615164, 0.9213759213759214, 0.9410319422035311, 0.9434889440747385, 0.945945947117536, 0.9361179350927948, 0.9336609336609336, 0.9213759203507801, 0.9385749385749386, 0.9213759225475114, 0.9434889440747385, 0.9434889440747385]}