{"acc": [0.5135135137820029, 0.5378378381600251, 0.611711712033899, 0.648648648970836, 0.6774774770478944, 0.7333333332259375, 0.7909909912057825, 0.8315315312093443, 0.8747747744525876, 0.9135135131913262, 0.9369369366147496, 0.9261261263409176, 0.9549549546327677, 0.9576576573354704, 0.9693693693693693, 0.9747747747747748, 0.981081081081081, 0.9828828828828828, 0.9882882882882883, 0.9927927927927928, 0.9927927927927928, 0.9918918918918919, 0.9963963963963964, 0.9918918918918919, 0.9972972972972973, 0.9954954954954955, 0.9990990990990991, 0.9981981978760109, 0.9990990990990991, 0.9981981981981982, 1.0, 1.0, 0.9990990990990991, 1.0, 1.0, 1.0, 1.0, 1.0, 1.0, 1.0, 0.9981981981981982, 1.0, 1.0, 0.9990990990990991, 0.9990990990990991, 0.9963963963963964, 1.0, 1.0, 0.9990990990990991, 1.0, 1.0, 1.0, 1.0, 1.0, 1.0, 1.0, 1.0, 1.0], "loss": [0.7027618059166917, 0.6881800602148245, 0.6700958806115228, 0.6505682063532305, 0.6131750368857168, 0.5603467805428548, 0.49930405944317313, 0.4274599623572719, 0.3537458632443402, 0.28906693098781344, 0.22288066841460563, 0.20929762065947594, 0.15966421631542413, 0.13590263200772776, 0.1154657979000796, 0.10128350103492136, 0.0818629658235623, 0.06975990980863571, 0.06165931502709518, 0.045675432567929365, 0.04134805139389124, 0.038496577091984924, 0.03460971626813884, 0.029573318731408935, 0.025274958238760765, 0.021423940268252884, 0.019379666078466553, 0.01547019027911865, 0.01247244636184192, 0.01117936182087539, 0.008229294861037587, 0.008748584484832513, 0.007571359654166945, 0.006224279658583639, 0.0056026203641751865, 0.0054583207460808325, 0.004307902228036845, 0.005459199063815512, 0.004359552455512253, 0.004314895019958819, 0.00849885765698042, 0.0038288965372385475, 0.0038553379987878306, 0.005766985928723672, 0.006242826656933437, 0.012741413741028523, 0.005678852989866927, 0.0035045724462818453, 0.004195809273021967, 0.0021523977873158886, 0.001667324803467538, 0.0015534632740676537, 0.0015360638274033009, 0.0014968263329350733, 0.00120580950961658, 0.0014636742043401207, 0.0022921614785183656, 0.002286147458587882], "val_acc": [0.49300699363221656, 0.6153846174686939, 0.6783216804057568, 0.6258741250404944, 0.6958041978882743, 0.7377622394295006, 0.82867132950496, 0.8776223755382991, 0.895104892604001, 0.919580420414051, 0.856643357476988, 0.9335664339832492, 0.9020979029315335, 0.9440559415550499, 0.9125874125874126, 0.9475524475524476, 0.9440559411382342, 0.9475524475524476, 0.9475524475524476, 0.9615384615384616, 0.9545454516277446, 0.9545454520445603, 0.9405594409762562, 0.9405594376417307, 0.951048951048951, 0.9615384586207516, 0.965034965034965, 0.9615384590375674, 0.958041958041958, 0.9685314656137587, 0.972027972027972, 0.9545454516277446, 0.9615384586207516, 0.9475524450515533, 0.9615384586207516, 0.965034965034965, 0.9615384615384616, 0.9790209790209791, 0.9685314656137587, 0.972027972027972, 0.9265734236557167, 0.9545454516277446, 0.9475524446347376, 0.9370629370629371, 0.9510489514657667, 0.9650349621172551, 0.965034965034965, 0.9370629374797528, 0.9650349654517807, 0.9685314656137587, 0.9650349621172551, 0.9685314685314685, 0.9755244730235814, 0.9755244726067657, 0.9685314656137587, 0.9685314656137587, 0.9685314685314685, 0.9685314685314685], "val_loss": [0.6931584360716226, 0.6781971417106949, 0.6559827311055644, 0.6464867687725521, 0.5947292263691242, 0.5425787872367805, 0.4375329209374381, 0.39132625406438654, 0.3406887560874432, 0.2866496247845096, 0.3197543602306526, 0.22170707395860365, 0.20280139283700424, 0.17188434865508045, 0.20523837138410214, 0.16164816874307353, 0.13771676131478555, 0.13689706599587328, 0.14540051424003148, 0.1415308763409828, 0.13462966164717308, 0.14536897129529006, 0.16680923489840715, 0.15646291266267115, 0.14930252045705603, 0.14084139028629222, 0.11836574807554692, 0.11894929784161228, 0.13605962668942823, 0.12015092675085667, 0.10198438456737911, 0.1994148891914141, 0.142535515416127, 0.13877315121097164, 0.1287300614835499, 0.1306661199582936, 0.1356781059550447, 0.10106740554573236, 0.11087448311435592, 0.11173925952582092, 0.24490876527099342, 0.17530588065827643, 0.16540932290620738, 0.2710697324034738, 0.1468507104611897, 0.13116206249573847, 0.13180849963629787, 0.21485577242357748, 0.14569707694170358, 0.1586199066360722, 0.14483846596383548, 0.11941769649437466, 0.11194516744438585, 0.10700451520147856, 0.1459001940186624, 0.14972197981160526, 0.11535976323058138, 0.15559089306246984]}