{"loss": [0.689948035283687, 0.6867187831489456, 0.670290735360183, 0.6507333332745899, 0.629342034440228, 0.5942083044952615, 0.5537513091461438, 0.5050921384599272, 0.45964082916879834, 0.42517051127171485, 0.3743955972303456, 0.3360979511332905, 0.300832398528533, 0.2931706594499194, 0.26085923158850505, 0.22680525589351871, 0.21847388911307689, 0.20164477156595587, 0.18067977013696737, 0.1659468426752755, 0.14895572669152524, 0.13601564333617158, 0.12464017236867332, 0.12018420096812593, 0.11124465028142748, 0.10982313168592779, 0.09718976809120299, 0.09120431772807402, 0.09790812679230033, 0.07350390832233791, 0.07950363987620038, 0.062377983791557706, 0.06420538596176224, 0.05415418455129341, 0.05128468240697423, 0.050024784016641295, 0.046528463231822234, 0.04305278604049873, 0.04096848780645768, 0.04027339614011791, 0.036965509416259285, 0.03212859262493929, 0.032362672194593003, 0.028817319170735937, 0.026863235073737772, 0.02858074847018613, 0.03131467937190836, 0.026004317175261724, 0.022159397212554745, 0.024578764371300077, 0.021236091403642382, 0.02240916315191136, 0.01532133431610603, 0.019101702838342907, 0.021151089530877288], "acc": [0.534854246031951, 0.5462610900628703, 0.6324461344228196, 0.6565272497209155, 0.671102661445869, 0.7566539924709818, 0.7553865651214078, 0.8010139415472632, 0.8257287704446017, 0.8244613433216612, 0.8732572877059569, 0.8916349809885932, 0.9017743979721166, 0.9017743980476611, 0.9214195183776933, 0.92775665406794, 0.9315589353612167, 0.9378960709759189, 0.9461343472750317, 0.9493029150068382, 0.9556400505459959, 0.9600760457029209, 0.9670468948035488, 0.967680608365019, 0.9683143217754001, 0.9683143219264893, 0.9746514573901023, 0.9733840304937955, 0.9708491761723701, 0.9828897336892151, 0.9835234474017744, 0.9892268694550064, 0.9828897338403042, 0.991128010139417, 0.9866920152091255, 0.9898605830164765, 0.9904942965779467, 0.9917617237008872, 0.9942965779467681, 0.9942965779467681, 0.991128010139417, 0.9955640050697085, 0.9942965779467681, 0.9955640050697085, 0.9955640050697085, 0.9961977184800896, 0.9942965779467681, 0.9961977186311787, 0.9968314321926489, 0.9961977186311787, 0.9968314320415599, 0.9974651457541192, 0.9987325728770595, 0.9974651457541192, 0.9961977186311787], "val_loss": [0.6923098848258541, 0.6815107964180611, 0.6694244067264716, 0.6464354764917266, 0.6200760400851762, 0.5912971809982375, 0.556762183181191, 0.5076196468286491, 0.4786868905259585, 0.43887871606344087, 0.39968073726871967, 0.37347486344250763, 0.34919933253482754, 0.3317387388877259, 0.28284786696516034, 0.2917938014945468, 0.2862941887806323, 0.2889627497231345, 0.2772849929274154, 0.23763238373201076, 0.26757481818702944, 0.2553529583045833, 0.24797643270773737, 0.22513032977352565, 0.24750539605535513, 0.2581972992390907, 0.22878710951207604, 0.26407982156376286, 0.23533964398744944, 0.2619703682253929, 0.23647758225551108, 0.2852613907627743, 0.24067632703874856, 0.27479211938469067, 0.2029181959002258, 0.237582845242662, 0.23743959568230394, 0.23201080468421487, 0.2736317806074016, 0.25859646793885077, 0.28627893449486913, 0.3301134539324177, 0.2622079810251182, 0.2956423569077063, 0.22666628083960136, 0.3073585130072929, 0.2631051250406214, 0.31592294559139, 0.2885770550048029, 0.24811110612581638, 0.2738142778744569, 0.31744204038703766, 0.2993122359385362, 0.264930737111031, 0.28356101294334163], "val_acc": [0.46683046668401806, 0.6117936120865093, 0.64619164692389, 0.7321867311615908, 0.7248157233512372, 0.7567567563174105, 0.7616707612314154, 0.8108108091998745, 0.7886977888442375, 0.8255528245276842, 0.8525798533120964, 0.8304668300274842, 0.8648648644255186, 0.8697788687537285, 0.9041769025659678, 0.8820638810387408, 0.8820638804529457, 0.8845208851066796, 0.9041769053484943, 0.9090909074799728, 0.9115479099369752, 0.9140049151765041, 0.9140049145907091, 0.9262899274615164, 0.9189189195047139, 0.8968058979774869, 0.9066339078054967, 0.9164619176335065, 0.92628992467899, 0.9041769047626992, 0.9017199028914918, 0.9017199001089654, 0.899262898237758, 0.9213759203507801, 0.9361179345069998, 0.9164619148509802, 0.9385749385749386, 0.9287469293327237, 0.9213759225475114, 0.9213759213759214, 0.9164619170477115, 0.9066339078054967, 0.9262899262899262, 0.9238329222219875, 0.9434889446605336, 0.9238329244187189, 0.9262899274615164, 0.9287469299185188, 0.9287469287469288, 0.9312039317897263, 0.9312039317897263, 0.9312039317897263, 0.9262899268757213, 0.9336609336609336, 0.9213759213759214]}