{"acc": [0.53125, 0.5731534090909091, 0.6036931818181818, 0.6711647727272727, 0.6974431818181818, 0.7308238636363636, 0.7691761363636364, 0.796875, 0.8188920454545454, 0.8458806818181818, 0.8757102272727273, 0.8970170454545454, 0.8984375, 0.9261363636363636, 0.9346590909090909, 0.9488636363636364, 0.9552556818181818, 0.9630681818181818, 0.9723011363636364, 0.9772727272727273, 0.9822443181818182, 0.9815340909090909, 0.9914772727272727, 0.9907670454545454, 0.9950284090909091, 0.9978693181818182, 0.9971590909090909, 0.9950284090909091, 0.9964488636363636, 1.0, 1.0, 0.9992897727272727, 1.0, 0.9992897727272727, 1.0, 1.0, 1.0, 1.0, 1.0, 0.9992897727272727, 1.0, 1.0, 1.0, 1.0, 1.0, 1.0, 1.0, 1.0, 1.0, 1.0, 1.0, 1.0, 1.0, 1.0, 1.0, 1.0, 1.0, 1.0, 1.0], "loss": [0.6921625462445345, 0.6815130724148317, 0.659901734102856, 0.627539798617363, 0.587432018735192, 0.5484466383402998, 0.5027723630720918, 0.44720232825387607, 0.40375982224941254, 0.37439201501282776, 0.30907889353958046, 0.2735502772371877, 0.2611114260825244, 0.20816031250764022, 0.17974561266601086, 0.15017164904962887, 0.14742156914011997, 0.1251900422979485, 0.09103097309443084, 0.08718282687054439, 0.06443992697379806, 0.06281398969109762, 0.04662422442131422, 0.03942325108007274, 0.03248286501250484, 0.024248747758313337, 0.02244147474200211, 0.025013696994971146, 0.026216248775282027, 0.015210219653619622, 0.010264053845524111, 0.011606698130807754, 0.009355241972529753, 0.008504405369008467, 0.00660146062198857, 0.0068968279625881805, 0.005673103074183349, 0.00458505858048077, 0.005302861115937544, 0.005092313816104169, 0.00421911455553279, 0.003890677631716244, 0.0046477989910106935, 0.00391477474344852, 0.0024537696630101313, 0.002545948972428133, 0.0025275165839544074, 0.0031473221302307634, 0.002379038250761699, 0.002371322191637856, 0.0019337446144411595, 0.0015066077083412727, 0.0010831068026494574, 0.0023868119295167908, 0.0026966132156138137, 0.0016818630214071493, 0.0011815272383418314, 0.0009352894816071388, 0.000812033733712848], "val_loss": [0.6863464084210146, 0.6880011182514433, 0.6414250059889696, 0.6290919224092782, 0.5677131443969474, 0.5528028232992188, 0.5038471750648226, 0.5131390383749297, 0.44830126974208295, 0.4203302872575019, 0.34834042782625874, 0.31710572988205377, 0.3548905301028375, 0.2862933832669718, 0.27575606961552435, 0.2956089656953969, 0.2331407329596107, 0.1999068774960258, 0.19255695658281816, 0.18562594400949714, 0.2040404513190929, 0.18076496823760105, 0.19704863979139933, 0.18283192628671316, 0.16813814667753937, 0.1929399499223252, 0.22308573680968324, 0.18881003086560358, 0.16252954772188644, 0.18629218310056148, 0.18000009434282288, 0.16788835183668563, 0.18126811124076528, 0.17674999808015163, 0.21183284652514317, 0.19070014505346944, 0.19678343142339186, 0.2263279943252316, 0.14651846633223461, 0.19884128594570907, 0.2147498638176721, 0.2548798954848087, 0.20393244047795445, 0.212138924799018, 0.2716727956472678, 0.19760466689249043, 0.22712425981999756, 0.18296320620441897, 0.21306205649678045, 0.22867782906559872, 0.20776249026878385, 0.23268148188091836, 0.22090362738971867, 0.20193200501980205, 0.22737454926241035, 0.229518193944637, 0.22158820446857735, 0.1933465825461785, 0.23475916771931424], "val_acc": [0.5454545451261452, 0.5454545459471458, 0.6060606057322058, 0.6253443522886797, 0.7162534443471714, 0.7134986232463322, 0.7355371897542444, 0.7410468316275226, 0.7685950419791145, 0.7878787885355883, 0.8264462818127362, 0.8539944903581267, 0.8457300273840093, 0.859504132231405, 0.8815426997245179, 0.8760330586722402, 0.9118457306843487, 0.9283746563041834, 0.9090909099119097, 0.9146005509641874, 0.9201101936584661, 0.9228650136099046, 0.909090908926709, 0.9173553727218271, 0.9366391184573003, 0.9366391192783009, 0.9008264471019923, 0.9338842983416618, 0.9531680448981356, 0.9228650137741047, 0.93939394021494, 0.9449035812672176, 0.9421487611515791, 0.9393939393939394, 0.928374655647383, 0.9366391182931002, 0.9338842975206612, 0.9393939393939394, 0.9614325068870524, 0.9504132231404959, 0.9393939393939394, 0.9283746564683836, 0.9338842983416618, 0.9283746564683836, 0.9201101936584661, 0.9421487611515791, 0.9201101928374655, 0.9393939393939394, 0.9338842983416618, 0.9256198355317444, 0.9504132231404959, 0.9366391184573003, 0.9366391192783009, 0.9366391184573003, 0.931129476584022, 0.9366391184573003, 0.93939394021494, 0.9504132231404959, 0.9476584022038568]}