{"val_loss": [0.5606532126039891, 0.5588243432811923, 0.5540843439268899, 0.5585053825711871, 0.5504737358826858, 0.546292321248488, 0.545446269578867, 0.5424617224639946, 0.5284667836202608, 0.5186148156652918, 0.5151804302122209, 0.49771159470498144, 0.49869938038445855, 0.47619249478920356, 0.46489952535896034, 0.4444765717416376, 0.42993192739420005, 0.41158976650738216, 0.40078879111296645, 0.3907149192336556, 0.4032452771296868, 0.3731131043050673, 0.3468759760156378, 0.34258592941544275, 0.3246934724437607, 0.32369701949866503, 0.29999803121273333, 0.2888662367017119, 0.2818688414730392, 0.26761726295197763, 0.26031998060383166, 0.25162508750295304, 0.25633833833507724, 0.2441228719858023, 0.2321033975877962, 0.2242766445750123, 0.22532567090087838, 0.21358411680985165, 0.21876883944431386, 0.22040422958927555, 0.2073199301958084, 0.22376716824678275, 0.20243288868373924, 0.20248609208143675, 0.17545188682062643, 0.1859212273901159, 0.19108390339187808, 0.18307138635562017, 0.18529974299294133, 0.18222627950298204, 0.1680526623984317, 0.1910885062876281, 0.1777949828159559, 0.15323378499988075, 0.166118413418323, 0.18265156552091344, 0.16735930751253675, 0.1662846320158952, 0.16406683717574272, 0.1643354382131483, 0.16006317963966957, 0.164324761426949, 0.17021238871596076, 0.16017030721360986, 0.15440172102901487, 0.17342026010676698, 0.15893407739125764, 0.16778346719024897, 0.15741734201466287, 0.1705059262214007, 0.16423321444984082, 0.1570824175239443, 0.14795998095736637, 0.13909082281422783, 0.16331834799343056, 0.19776862557534572, 0.17221873633928234, 0.17498664839284403, 0.16464633833278308, 0.14615216965858752, 0.13207901118101772, 0.180603931938018, 0.17660511384060332, 0.149894074178659, 0.14887962057873919, 0.16033700108528137, 0.16862235400643383, 0.1865013457470007, 0.15871770586167183, 0.14510367175082226, 0.1691705814816735, 0.1732568780442218, 0.16025051797603393, 0.17363758729054377, 0.15984701578850513, 0.17996957773095243, 0.17491386893329086, 0.17326746109899108, 0.1609352525922802, 0.15483035053406563, 0.152384438714781], "val_categorical_accuracy": [0.24825174835595218, 0.2937062938104976, 0.36013985972304446, 0.28846153908676203, 0.3374125874125874, 0.39160839181679946, 0.3513986009817857, 0.3688811182558953, 0.3986013990182143, 0.4720279732784191, 0.4178321682489835, 0.5017482529986989, 0.47727272664750375, 0.5472027967859815, 0.5786713280461051, 0.5909090902838674, 0.6136363640531793, 0.6276223776223776, 0.6765734261566109, 0.6555944051775899, 0.6241258753763212, 0.6573426560922102, 0.7325174829342982, 0.7202797211133517, 0.7237762250266708, 0.7499999995831843, 0.7779720292224751, 0.7622377614041308, 0.7622377630713937, 0.8041958050294356, 0.795454544620914, 0.7919580415412263, 0.7919580432084891, 0.784965034965035, 0.8269230781735241, 0.8269230765062612, 0.8164335676840135, 0.8286713274208816, 0.8339160843328997, 0.8164335668503822, 0.8409090900754596, 0.830419579585949, 0.8444055948224101, 0.8251748255916409, 0.8531468527300374, 0.8531468535636688, 0.8426573426573427, 0.8496503483999026, 0.8601398597230444, 0.8618881127217433, 0.8566433578938037, 0.8426573430741584, 0.861888113138559, 0.8741258745426899, 0.8706293693789235, 0.8513986013986014, 0.8583916096420555, 0.8653846153846154, 0.8758741262909415, 0.8688811201315659, 0.8846153850322003, 0.8706293693789235, 0.8653846141341683, 0.8706293702125549, 0.8828671332839486, 0.8548951040614735, 0.898601398184583, 0.8741258753763212, 0.8688811176306718, 0.863636363219548, 0.8723776232112538, 0.8706293706293706, 0.8881118889455195, 0.898601398184583, 0.8828671316166857, 0.8688811197147502, 0.8741258745426899, 0.8811188815356968, 0.8828671332839486, 0.8933566429398276, 0.89860139943503, 0.8653846141341683, 0.8688811192979345, 0.8863636351131893, 0.8881118876950724, 0.8723776236280695, 0.8811188807020655, 0.8706293693789235, 0.8811188815356968, 0.8741258745426899, 0.8863636376140834, 0.8828671332839486, 0.8793706289538137, 0.8758741246236788, 0.8881118872782567, 0.8811188807020655, 0.8881118876950724, 0.8653846166350625, 0.8863636376140834, 0.8811188802852498, 0.8828671316166857], "loss": [0.5632089755556605, 0.5613132514395155, 0.5582070392531318, 0.5546927324286453, 0.5518226486068588, 0.5470811550681656, 0.5422619259035265, 0.5358569236489029, 0.5261978091420354, 0.516249946753184, 0.5085042372480169, 0.4903290503733867, 0.47886313275173975, 0.46637824505299064, 0.4510196010271708, 0.4349154426707878, 0.4175638594605901, 0.396560079396308, 0.37962097584664284, 0.3710350813629391, 0.34777784991908717, 0.33264945095723814, 0.3182599211598302, 0.305843239270889, 0.2930720155303543, 0.2761300413458197, 0.2610193658519436, 0.24459474878805176, 0.2383628739698513, 0.23029932283066415, 0.21310460846703333, 0.20496637990345826, 0.19519520885235556, 0.17991346604115255, 0.17679960287369048, 0.16687024199479336, 0.1567650217999209, 0.14722136839016065, 0.14381768869924116, 0.14062160983815924, 0.1265437182743807, 0.12385308065929929, 0.11781730420954592, 0.11071950599953935, 0.11049608027747085, 0.10149822282093066, 0.09559592011275592, 0.0879907270675307, 0.08496006402346465, 0.0856602225351978, 0.08067453263646311, 0.07827883248662089, 0.07122920351858075, 0.0660326736735868, 0.06444277549917633, 0.062013952017904404, 0.05589675095167246, 0.0551226033955007, 0.05330195159793974, 0.05025029844931654, 0.04807022020287879, 0.044202718111845826, 0.0449021954257209, 0.042780930924791474, 0.0377920494557501, 0.03768762914581342, 0.033788595268049754, 0.036473828191692766, 0.036879364226583965, 0.031374517234193315, 0.030165503429131466, 0.029763659022681348, 0.024572563047210377, 0.0235216912251335, 0.023658275706609628, 0.0251276402390218, 0.02112198288443389, 0.02514141055814049, 0.01962426595540868, 0.018039038606189394, 0.016371475421899075, 0.01821217478362021, 0.015401271512513762, 0.014726837124541267, 0.013743311926923893, 0.013510361702290473, 0.012972588035034704, 0.015903440814230355, 0.012746827781770949, 0.012615224364977163, 0.011843512907859174, 0.01084858014978267, 0.011698453819698041, 0.012180503078543388, 0.011896686722432171, 0.008865377870765892, 0.008525057009899535, 0.009270546345359034, 0.008863656229532517, 0.008278430432819568, 0.00801209675248813],