{"acc": [0.5213068181818182, 0.5830965909090909, 0.5852272727272727, 0.6207386363636364, 0.6484375, 0.6889204545454546, 0.7194602272727273, 0.7357954545454546, 0.7705965909090909, 0.7954545454545454, 0.8025568181818182, 0.8245738636363636, 0.8650568181818182, 0.8849431818181818, 0.8884943181818182, 0.9105113636363636, 0.9204545454545454, 0.9268465909090909, 0.9367897727272727, 0.9467329545454546, 0.9573863636363636, 0.9616477272727273, 0.9659090909090909, 0.9758522727272727, 0.9751420454545454, 0.9900568181818182, 0.984375, 0.9893465909090909, 0.9914772727272727, 0.9914772727272727, 0.9872159090909091, 0.9971590909090909, 0.9950284090909091, 0.9950284090909091, 0.9985795454545454, 0.9978693181818182, 0.9985795454545454, 0.9971590909090909, 0.9964488636363636, 0.9978693181818182, 1.0, 0.9992897727272727, 1.0, 0.9985795454545454, 0.9992897727272727, 0.9985795454545454, 0.9985795454545454, 1.0, 1.0, 0.9992897727272727, 1.0, 1.0, 1.0, 1.0, 0.9992897727272727, 1.0], "loss": [0.6936323683370244, 0.6777544644745913, 0.6751715229316191, 0.651867838068442, 0.6318398700519041, 0.6031602363694798, 0.5681236975572326, 0.5364994535391981, 0.48966472392732446, 0.4541115097024224, 0.4201629859479991, 0.3976434489542788, 0.33524072441187774, 0.3092110641300678, 0.26757222617214377, 0.23764780604026534, 0.21741115759042176, 0.20381759835237806, 0.1830948828296228, 0.16677469540048728, 0.1384978335858746, 0.12252691176465967, 0.10481159583750096, 0.09291481709277088, 0.07865507396954027, 0.061946927485140885, 0.06246217285198244, 0.05481080359525301, 0.04559881638058207, 0.039314234354109925, 0.049775978275151414, 0.029588891627182336, 0.029732710777104578, 0.027190935755656523, 0.022520939544351262, 0.018896663392131977, 0.019143983144948088, 0.016799584158103575, 0.01827448821330274, 0.01590197344987907, 0.010846190797482532, 0.008780990110773762, 0.007630223196677186, 0.0100285806984175, 0.010027857161317528, 0.008476400390711868, 0.013555962999816984, 0.008384753775317222, 0.005485516777050428, 0.005468699684239586, 0.003972402529060756, 0.003009881422092969, 0.003216844114252705, 0.003906556450105695, 0.005568533863300796, 0.004980426447053271], "val_loss": [0.6824685123341143, 0.6876663956431974, 0.6609728901182653, 0.6403514838087329, 0.6411798417404007, 0.5881626469701446, 0.5588171835116447, 0.5580089407518876, 0.5063303981602356, 0.4482511609546409, 0.4688245833905275, 0.3954102014378739, 0.3630508926617541, 0.3360048406051867, 0.28744345197336074, 0.2718575496647312, 0.2519889450927083, 0.31378480644265483, 0.24961791786855245, 0.22266381338608165, 0.2146129991561585, 0.17894893671198653, 0.18755219293855768, 0.16637738873109673, 0.18830005744518327, 0.20390572172099566, 0.19400662421851775, 0.13802343984609136, 0.1557688690906714, 0.22131941358740992, 0.14884082692836928, 0.16378330819041934, 0.13585242505901116, 0.15048653585194885, 0.19296165876418928, 0.12358285909513468, 0.15902397282852615, 0.13809443419008996, 0.158097655976771, 0.144898174469136, 0.13174226933438588, 0.16496966448779277, 0.17071156022356973, 0.17453659344823727, 0.16947727939806695, 0.17521214727363638, 0.12529118130234976, 0.15822043452545304, 0.16425163273702148, 0.1606441667667762, 0.1567316875487089, 0.214231048856885, 0.13208604441088503, 0.15642265089564333, 0.173485978688665, 0.24066613080908772], "val_acc": [0.5482093660627844, 0.517906335759754, 0.6308539941619579, 0.6446280988451535, 0.6501377408826319, 0.7300275480451662, 0.702479338514575, 0.7079889803878532, 0.7162534440187712, 0.7823691468265103, 0.7796143258898711, 0.823691460876097, 0.84573002836921, 0.837465564738292, 0.8705234158137614, 0.8842975214821577, 0.9008264461167916, 0.8539944911791273, 0.8953168044077136, 0.9256198355317444, 0.9173553727218271, 0.9338842981774617, 0.9201101928374655, 0.9173553719008265, 0.9256198347107438, 0.9201101928374655, 0.9201101936584661, 0.9476584030248574, 0.9311294774050226, 0.9256198355317444, 0.9393939393939394, 0.93939394021494, 0.9531680448981356, 0.9393939392297392, 0.928374655647383, 0.9476584028606573, 0.9421487603305785, 0.9476584022038568, 0.9449035811030175, 0.9614325068870524, 0.9449035820882182, 0.9449035812672176, 0.9421487603305785, 0.9449035812672176, 0.9393939393939394, 0.9421487603305785, 0.9504132231404959, 0.9421487603305785, 0.9366391184573003, 0.9504132231404959, 0.9476584022038568, 0.928374655647383, 0.9586776859504132, 0.9366391184573003, 0.9421487603305785, 0.9338842973564611]}